word,predicted_word
"hel","hello"
"llo","hello"
"lo","hello"
"o","hello"
"he","hey"
"ey","hey"
"y","hey"
"mou","mouse"
"mous","mouse"
"ouse","mouse"
"se","see"
"see","see"
"there","there"
"re","there"
"our","ours"
"ours","ours"
"automo","automobile"
"automobile","automobile"
"autom","automobile"
"b","be"
"be","be"
"welcome","welcome"
"welc","welcome"
"wel","well"
"ell","well"
"l","well"
"aut","auto"
"auto","auto"
"automob","automobile"
"h","hello"
"hello","hello"
"keyb","keyboard"
"key","keyboard"
"board","keyboard"
"m","mouse"
"mouse","mouse"
"wre","wrench"
"wrench","wrench"
"r","wrench"
"wren", "wrench"
"ren","wrench"
"combi","combination"
"comb","combination"
"combin","combination"
"combinati","combination"
"combination","combination"
"transportation","transportation"
"trans","transportation"
"transp","transportation"
"transpor","transportation"
"transp","transportation"
"transpor","transportation"
"transport","transportation"
"trans","transportation"
"transp","transportation"
"transpor","transportation"
"transport","transportation"
"keyb","keyboard"
"key","keyboard"
"board","keyboard"
"keyb","keyboard"
"key","keyboard"
"board","keyboard"
"keyb","keyboard"
"key","keyboard"
"board","keyboard"
"keyb","keyboard"
"key","keyboard"
"board","keyboard"
"keyb","keyboard"
"key","keyboard"
"board","keyboard"
"keyb","keyboard"
"key","keyboard"
"board","keyboard"
"keyb","keyboard"
"key","keyboard"
"board","keyboard"
"keyb","keyboard"
"key","keyboard"
"board","keyboard"
"keyb","keyboard"
"key","keyboard"
"board","keyboard"
"keyb","keyboard"
"key","keyboard"
"board","keyboard"
"keyb","keyboard"
"key","keyboard"
"board","keyboard"
"keyb","keyboard"
"key","keyboard"
"board","keyboard"
"keyb","keyboard"
"key","keyboard"
"board","keyboard"
"keyb","keyboard"
"key","keyboard"
"board","keyboard"
"keyb","keyboard"
"key","keyboard"
"board","keyboard"
"keyb","keyboard"
"key","keyboard"
"board","keyboard"
"hel","hello"
"llo","hello"
"lo","hello"
"o","hello"
"he","hey"
"ey","hey"
"y","hey"
"mou","mouse"
"mous","mouse"
"ouse","mouse"
"se","see"
"see","see"
"there","there"
"re","there"
"our","ours"
"ours","ours"
"automo","automobile"
"automobile","automobile"
"autom","automobile"
"b","be"
"be","be"
"welcome","welcome"
"welc","welcome"
"wel","well"
"ell","well"
"l","well"
"aut","auto"
"auto","auto"
"automob","automobile"
"h","hello"
"hello","hello"
"keyb","keyboard"
"key","keyboard"
"board","keyboard"
"m","mouse"
"mouse","mouse"
"wre","wrench"
"wrench","wrench"
"r","wrench"
"wren", "wrench"
"ren","wrench"
"combi","combination"
"comb","combination"
"combin","combination"
"combinati","combination"
"combination","combination"
"transportation","transportation"
"trans","transportation"
"transp","transportation"
"transpor","transportation"
"transp","transportation"
"transpor","transportation"
"transport","transportation"
"trans","transportation"
"transp","transportation"
"transpor","transportation"
"transport","transportation"
"keyb","keyboard"
"key","keyboard"
"board","keyboard"
"keyb","keyboard"
"key","keyboard"
"board","keyboard"
"keyb","keyboard"
"key","keyboard"
"board","keyboard"
"keyb","keyboard"
"key","keyboard"
"board","keyboard"
"keyb","keyboard"
"key","keyboard"
"board","keyboard"
"keyb","keyboard"
"key","keyboard"
"board","keyboard"
"keyb","keyboard"
"key","keyboard"
"board","keyboard"
"keyb","keyboard"
"key","keyboard"
"board","keyboard"
"keyb","keyboard"
"key","keyboard"
"board","keyboard"
"keyb","keyboard"
"key","keyboard"
"board","keyboard"
"keyb","keyboard"
"key","keyboard"
"board","keyboard"
"keyb","keyboard"
"key","keyboard"
"board","keyboard"
"keyb","keyboard"
"key","keyboard"
"board","keyboard"
"keyb","keyboard"
"key","keyboard"
"board","keyboard"
"keyb","keyboard"
"key","keyboard"
"board","keyboard"
"keyb","keyboard"
"key","keyboard"
"board","keyboard"
"hel","hello"
"llo","hello"
"lo","hello"
"o","hello"
"he","hey"
"ey","hey"
"y","hey"
"mou","mouse"
"mous","mouse"
"ouse","mouse"
"se","see"
"see","see"
"there","there"
"re","there"
"our","ours"
"ours","ours"
"automo","automobile"
"automobile","automobile"
"autom","automobile"
"b","be"
"be","be"
"welcome","welcome"
"welc","welcome"
"wel","well"
"ell","well"
"l","well"
"aut","auto"
"auto","auto"
"automob","automobile"
"h","hello"
"hello","hello"
"keyb","keyboard"
"key","keyboard"
"board","keyboard"
"m","mouse"
"mouse","mouse"
"wre","wrench"
"wrench","wrench"
"r","wrench"
"wren", "wrench"
"ren","wrench"
"combi","combination"
"comb","combination"
"combin","combination"
"combinati","combination"
"combination","combination"
"transportation","transportation"
"trans","transportation"
"transp","transportation"
"transpor","transportation"
"transp","transportation"
"transpor","transportation"
"transport","transportation"
"trans","transportation"
"transp","transportation"
"transpor","transportation"
"transport","transportation"
"keyb","keyboard"
"key","keyboard"
"board","keyboard"
"keyb","keyboard"
"key","keyboard"
"board","keyboard"
"keyb","keyboard"
"key","keyboard"
"board","keyboard"
"keyb","keyboard"
"key","keyboard"
"board","keyboard"
"keyb","keyboard"
"key","keyboard"
"board","keyboard"
"keyb","keyboard"
"key","keyboard"
"board","keyboard"
"keyb","keyboard"
"key","keyboard"
"board","keyboard"
"keyb","keyboard"
"key","keyboard"
"board","keyboard"
"keyb","keyboard"
"key","keyboard"
"board","keyboard"
"keyb","keyboard"
"key","keyboard"
"board","keyboard"
"keyb","keyboard"
"key","keyboard"
"board","keyboard"
"keyb","keyboard"
"key","keyboard"
"board","keyboard"
"keyb","keyboard"
"key","keyboard"
"board","keyboard"
"keyb","keyboard"
"key","keyboard"
"board","keyboard"
"keyb","keyboard"
"key","keyboard"
"board","keyboard"
"keyb","keyboard"
"key","keyboard"
"board","keyboard"
"hel","hello"
"llo","hello"
"lo","hello"
"o","hello"
"he","hey"
"ey","hey"
"y","hey"
"mou","mouse"
"mous","mouse"
"ouse","mouse"
"se","see"
"see","see"
"there","there"
"re","there"
"our","ours"
"ours","ours"
"automo","automobile"
"automobile","automobile"
"autom","automobile"
"b","be"
"be","be"
"welcome","welcome"
"welc","welcome"
"wel","well"
"ell","well"
"l","well"
"aut","auto"
"auto","auto"
"automob","automobile"
"h","hello"
"hello","hello"
"keyb","keyboard"
"key","keyboard"
"board","keyboard"
"m","mouse"
"mouse","mouse"
"wre","wrench"
"wrench","wrench"
"r","wrench"
"wren", "wrench"
"ren","wrench"
"combi","combination"
"comb","combination"
"combin","combination"
"combinati","combination"
"combination","combination"
"transportation","transportation"
"trans","transportation"
"transp","transportation"
"transpor","transportation"
"transp","transportation"
"transpor","transportation"
"transport","transportation"
"trans","transportation"
"transp","transportation"
"transpor","transportation"
"transport","transportation"
"keyb","keyboard"
"key","keyboard"
"board","keyboard"
"keyb","keyboard"
"key","keyboard"
"board","keyboard"
"keyb","keyboard"
"key","keyboard"
"board","keyboard"
"keyb","keyboard"
"key","keyboard"
"board","keyboard"
"keyb","keyboard"
"key","keyboard"
"board","keyboard"
"keyb","keyboard"
"key","keyboard"
"board","keyboard"
"keyb","keyboard"
"key","keyboard"
"board","keyboard"
"keyb","keyboard"
"key","keyboard"
"board","keyboard"
"keyb","keyboard"
"key","keyboard"
"board","keyboard"
"keyb","keyboard"
"key","keyboard"
"board","keyboard"
"keyb","keyboard"
"key","keyboard"
"board","keyboard"
"keyb","keyboard"
"key","keyboard"
"board","keyboard"
"keyb","keyboard"
"key","keyboard"
"board","keyboard"
"keyb","keyboard"
"key","keyboard"
"board","keyboard"
"keyb","keyboard"
"key","keyboard"
"board","keyboard"
"keyb","keyboard"
"key","keyboard"
"board","keyboard"
"hel","hello"
"llo","hello"
"lo","hello"
"o","hello"
"he","hey"
"ey","hey"
"y","hey"
"mou","mouse"
"mous","mouse"
"ouse","mouse"
"se","see"
"see","see"
"there","there"
"re","there"
"our","ours"
"ours","ours"
"automo","automobile"
"automobile","automobile"
"autom","automobile"
"b","be"
"be","be"
"welcome","welcome"
"welc","welcome"
"wel","well"
"ell","well"
"l","well"
"aut","auto"
"auto","auto"
"automob","automobile"
"h","hello"
"hello","hello"
"keyb","keyboard"
"key","keyboard"
"board","keyboard"
"m","mouse"
"mouse","mouse"
"wre","wrench"
"wrench","wrench"
"r","wrench"
"wren", "wrench"
"ren","wrench"
"combi","combination"
"comb","combination"
"combin","combination"
"combinati","combination"
"combination","combination"
"transportation","transportation"
"trans","transportation"
"transp","transportation"
"transpor","transportation"
"transp","transportation"
"transpor","transportation"
"transport","transportation"
"trans","transportation"
"transp","transportation"
"transpor","transportation"
"transport","transportation"
"keyb","keyboard"
"key","keyboard"
"board","keyboard"
"keyb","keyboard"
"key","keyboard"
"board","keyboard"
"keyb","keyboard"
"key","keyboard"
"board","keyboard"
"keyb","keyboard"
"key","keyboard"
"board","keyboard"
"keyb","keyboard"
"key","keyboard"
"board","keyboard"
"keyb","keyboard"
"key","keyboard"
"board","keyboard"
"keyb","keyboard"
"key","keyboard"
"board","keyboard"
"keyb","keyboard"
"key","keyboard"
"board","keyboard"
"keyb","keyboard"
"key","keyboard"
"board","keyboard"
"keyb","keyboard"
"key","keyboard"
"board","keyboard"
"keyb","keyboard"
"key","keyboard"
"board","keyboard"
"keyb","keyboard"
"key","keyboard"
"board","keyboard"
"keyb","keyboard"
"key","keyboard"
"board","keyboard"
"keyb","keyboard"
"key","keyboard"
"board","keyboard"
"keyb","keyboard"
"key","keyboard"
"board","keyboard"
"keyb","keyboard"
"key","keyboard"
"board","keyboard"